population,literacy_rate,school_density,urban_ratio,avg_income_pa,private_school_ratio,students_enrolled
6473388,64.0162927,1.393620633,49.57401517,29275,13.38538977,2711017
6600634,85.12230684,1.99727166,51.01761983,114213,67.43413091,320957
4354572,62.49142277,6.386784181,48.52394722,33269,67.84385677,744112
2284489,59.90437463,1.855105291,60.83549165,149593,51.16003244,628098
9574682,59.5706353,4.383936009,17.25773618,142672,34.71720223,3689526
7254212,73.18281571,5.950827464,12.60943587,85942,65.98483551,850395
9678519,93.89935921,4.497875188,14.61623427,92920,48.82809174,395579
4522471,70.65450446,2.473154213,45.54922794,140737,67.8152616,522107
4573669,75.0787416,3.464121768,32.04383514,42553,54.20211548,757076
7454852,88.72844081,9.354857796,59.76316499,44366,64.90838312,623938
5031505,74.07813735,7.08384048,89.39538315,64036,51.89940953,1284156
1816891,58.30082921,5.464430548,40.90585385,37369,38.98987478,654056
4571373,63.48181603,1.11443401,55.90730033,31795,77.05621019,432212
6069877,63.94716168,9.931738604,43.24831167,90021,47.87796774,2303756
3394769,67.8793152,7.043094414,77.78173342,127205,52.3562663,852002
9230351,69.20550074,3.852302296,82.17891228,88154,25.43413476,2547448
153355,85.99019099,8.91341794,80.18844898,50143,53.79555526,22360
1312752,65.72241496,3.325884583,87.94977909,49425,50.01253546,342105
9834633,71.07043228,5.896149213,12.20153481,108209,22.93868786,3482881
5714789,78.12391942,6.724636874,77.18529297,95139,14.17109681,1868680
9745979,66.99766763,2.989570343,70.14177384,125232,52.30515238,1775282
9355648,87.6454166,9.805575509,28.29555275,25368,63.45845885,851171
5793066,76.43541219,7.733727154,86.50560747,24621,46.63809596,1392559
6163790,63.23201056,6.02031903,21.85423426,78829,25.87408377,2707607
4771339,82.13266399,2.625351384,64.36399417,149036,56.65653837,558007
9939550,73.74414786,1.484723863,27.99121735,80294,15.60740086,2642052
3325709,74.05051511,3.880538493,44.5104519,34719,40.92835934,671096
134654,71.64895768,7.778686023,67.53279176,49227,21.43567309,59127
5197581,72.3655377,3.423981685,55.06597136,129430,22.91213357,1290422
2004354,84.44103265,5.856005984,44.20014651,27566,24.16057644,357687
8292680,54.63416657,7.551524591,36.10707447,32306,37.06949399,3900904
2478388,65.04632651,1.971493432,77.17277246,73822,13.58051439,871788
8966786,53.39765137,7.167682145,21.50514803,44042,37.84554087,4961480
2713046,83.89607993,1.826837989,44.40823012,35086,45.8195213,278190
5549720,62.25358346,9.686167679,82.30060574,37387,43.83059995,2588787
6690913,90.38436844,5.395547171,77.66796404,47042,36.79488703,645206
3466664,73.696031,2.356084969,42.075341,109424,68.74026256,329958
3435659,86.03373972,4.081452724,71.04866909,71618,20.17286847,606249
3435357,94.0519146,4.720748044,75.85286646,112050,45.39877206,147047
1515689,87.79049868,7.8236651,81.11099392,38323,14.34289919,251384
118148,89.0147192,7.690814075,53.56046152,38019,14.98089752,19556
1875665,68.35930229,6.507464548,26.35687088,95426,50.17060948,441467
2795683,74.82751679,1.953376413,30.42472612,60863,49.62128974,340573
4106518,61.42498538,2.364124344,33.65557392,140953,71.4623459,592090
2719995,58.82508949,1.843812286,57.50419846,131023,49.0511573,678812
5047895,72.74785456,6.19455505,12.62476993,30283,77.18537143,497192
6447986,76.77720409,8.894245974,60.8833975,38279,13.40863939,2907472
1920928,65.26720607,4.90420461,39.14833907,66999,16.86053793,850281
4205299,75.6249583,2.447633566,33.6193442,82780,13.08461031,1270201
6299859,89.93572171,6.022380926,80.35972566,42908,22.96937952,669678
2355413,75.05247132,8.305769952,46.80019165,81584,47.88890777,576065
3960197,82.43658933,7.675408554,17.60424364,146278,55.1900527,631983
5608019,86.23917353,8.933057017,76.13974144,133002,13.19096106,1310514
5464709,94.49279519,3.501118875,13.81130059,70225,76.21796229,105057
321836,77.1438831,2.745584805,68.13993793,57952,68.95157637,27619
3634702,86.3082567,8.918348373,71.91249774,120706,30.76287375,545587
7331369,93.31921933,6.918042815,38.20820847,57663,15.40312712,689193
2349435,92.49843765,3.79836037,75.9830285,142019,21.89209513,181931
8635377,56.34868319,7.681132455,51.25275247,129708,18.88610896,6199844
2708505,68.28765387,8.33606546,47.06349226,81381,18.62986455,1150300
1321741,64.57955275,6.534804163,13.63226252,67929,46.29931821,493307
3819315,53.91162567,7.190956989,33.20233549,29343,27.20932097,2606340
1096797,78.49583487,4.37733914,84.48079767,96173,35.06978016,197951
3097262,83.11570759,5.848261006,41.34591706,120260,79.26537334,161401
614685,88.1657643,5.717432537,53.73604164,59791,57.90199742,55747
2929190,55.52496003,8.63243012,52.56173432,49134,76.42864669,678953
5646411,89.43998341,8.559675823,57.23448719,132366,19.97895885,865512
9750344,78.93165036,8.494124224,14.90647645,67101,36.74976324,2230904
1057293,81.67757608,1.099284528,38.97410038,89443,48.83122623,111170
4824183,90.97808016,7.74590936,67.85026191,119111,15.37306433,702718
3416612,78.1142572,7.828087511,26.04482009,77530,10.29312105,1087520
8461855,65.11396357,7.105409406,26.2862702,66799,56.93040337,2380524
5317180,87.12982991,7.806381921,10.80724854,24827,54.92736618,450732
7857313,66.33766455,8.577733343,44.99855413,116143,38.7552167,2466859
2754238,51.54026499,5.232871487,80.61875045,82653,44.27508532,1081425
2680708,87.3794528,5.518451921,14.15207549,33699,39.08101004,301091
3544679,65.53364652,2.122426512,25.28949676,122828,11.68035314,1211571
5567209,84.82255354,4.468382947,34.80676307,133497,33.47601244,810348
1817640,66.32410526,6.790286619,68.53797893,111419,22.39575788,740382
6773771,88.7480609,8.023597985,61.25084742,134527,16.88969324,1001165
1335160,59.87797363,2.954881879,43.27551237,136972,76.97043037,147641
6130526,93.85462693,2.240406092,70.72551514,25313,51.95518075,263646
5223036,85.08914487,6.967378041,58.77048093,33598,61.0059399,496954
1475472,55.14070667,1.016918952,81.68326397,131362,32.07546203,484348
98984,75.4599479,2.605353259,75.44213993,135445,37.52029906,19716
6606168,94.34152905,1.261642423,30.22508849,48807,26.58467957,368807
1554384,71.19794537,2.501966061,31.71508621,90423,16.78759697,417605
2280919,58.19482125,2.631873519,20.02851806,89390,22.53221462,1000763
6990119,71.81502652,4.489062353,36.95717806,65226,65.82598317,1059804
1787095,73.06059451,4.620944122,89.9635135,79550,57.42820636,312527
4830450,83.37591249,8.868362235,42.46009349,100072,48.28502132,654616
7519344,81.44806339,5.590987412,27.63907478,23558,43.2562911,1321442
2159818,68.11475196,7.510642891,70.99863076,95308,74.57039986,253185
2281785,59.81103984,1.937236221,53.39768028,70113,15.09144634,965217
3903339,79.02743755,3.028948799,21.96811596,72999,29.64205693,822345
9517719,68.97667705,7.326490969,40.45517449,75878,34.49564975,2963771
1046107,55.9524295,1.475235644,43.15757724,56343,64.76980685,211739
7180144,90.52575356,5.37937896,70.30637605,78219,79.47602341,174385
4595583,81.10498359,6.394320691,11.65370951,55186,26.84693603,1184608
3797389,80.74327354,6.419310796,31.52157174,56966,71.20151339,340286
4192807,87.01627442,1.206395301,51.40770411,53769,68.14359323,172388
8038004,73.83477554,3.898972038,31.5077394,139932,25.72601783,1853110
6295035,86.67744928,6.728415859,60.27472379,146264,37.95328061,1028318
3652279,72.41408391,2.340997625,48.54939834,125423,38.67710085,632140
5565989,53.022893,7.258740835,38.93682039,73218,78.4754468,854428
2171690,68.23616396,7.713326879,85.93669015,39229,22.6624331,887455
541234,72.38592023,9.837722714,60.57275993,95209,65.94105798,105837
9959709,82.40911617,2.888577954,20.39530978,47877,33.39348999,1530981
5451218,54.79604286,8.426176009,54.8073358,78001,61.1609242,1499424
6964550,56.30083424,5.682669192,72.45854826,117137,39.4007703,2649092
6217294,61.86577112,4.361163365,66.6791758,58084,50.48518342,1509757
9336029,61.9924277,2.101390816,23.76713834,101780,68.28282413,1205896
6956726,82.94830603,7.619550458,87.79359992,112892,66.29158955,679498
5938794,61.28287973,3.122718392,45.90509166,36806,70.64962285,957878
7608158,78.48941285,4.342798017,22.7220003,108635,14.17321277,1786911
6560425,72.24232326,1.562880042,24.41566033,130177,58.44353871,828359
8561017,75.79824702,8.212302242,17.85879938,57034,19.79911637,2894281
7937739,87.71481334,7.899296716,74.28144867,60317,39.10729976,1265433
819598,68.19716757,7.60254247,19.76243955,75468,48.40118905,279801
5342895,84.69101197,3.694991594,20.01002057,39094,38.19176393,775480
8021379,68.99162268,2.561320668,78.03772918,77796,46.37281731,1502373
3381068,65.92421195,6.73797938,37.56832676,30589,79.75684162,322923
3306415,93.13822298,5.465497457,12.46863234,77221,19.46521196,261884
924371,58.29669143,2.604272202,14.15162396,144855,57.28192317,188199
5704237,54.06516323,7.173201439,21.37363574,21657,37.72006765,2809100
1023548,84.69436665,9.920137886,27.07146784,118300,19.31068592,279780
3394014,53.07123674,7.72497629,63.21169554,137229,21.11157344,2546378
7114746,87.66855458,7.65987748,22.5861024,59531,76.44911744,415231
9652083,69.67370284,9.552814776,19.50995129,72227,71.57210477,1535701
6266204,91.19811548,2.826427308,71.17753132,23164,73.49293723,201564
5243542,82.46897875,6.089949684,63.68442271,113078,79.40729431,281776
3009034,77.46821002,9.816820435,44.82593772,103973,24.5820773,835313
4624293,92.71880587,2.487646999,53.94478172,61247,34.88075362,295878
6756971,67.84922179,7.302267635,34.95872163,124041,56.84533209,1304046
93585,92.93391214,6.272291314,48.60003362,39601,43.86617779,5820
2589448,56.07505748,6.27831183,50.53381192,113966,39.28726734,1047388
159556,71.76897239,7.279035648,40.97898169,70599,35.04678745,54464
1625557,62.14600501,9.366552306,82.52577685,91545,51.56464424,638674
8356461,74.29292505,8.043237459,11.2849492,135295,50.29154,1775743
2059021,57.29062451,1.505224931,72.57370105,24552,21.30204838,895488
1251482,87.86883471,8.674552179,19.9506265,136452,43.02178863,148225
592335,88.08835322,3.029871969,73.80378884,29417,48.74302433,46111
4320070,92.98563407,4.392227483,59.27295325,78579,49.92008571,238242
6750379,56.96024634,5.155595323,77.46224727,127525,24.7075035,3571133
3610920,78.04996479,5.328154007,17.80114605,88207,61.95899746,552260
6910006,71.34067889,4.916623593,54.71845073,92055,11.76393664,2319970
2534413,65.49726794,9.436179648,50.08703042,122266,34.83822989,1179382
2957360,65.81930725,7.354171069,66.49545464,98270,64.6148854,647973
5945544,68.57570978,6.680535814,52.74324415,131426,49.47250447,1836149
5747469,81.72164974,1.44857825,53.25876537,137865,28.28137028,744010
2285000,76.92287262,9.135219972,44.36767549,23722,58.64671835,459291
6958531,70.68566807,9.184511728,34.70675392,90442,49.71736609,2021467
4372252,53.41700347,8.021917571,48.5811489,115632,65.73705266,1144289
5872184,53.49944048,1.063262834,19.4793887,60031,61.45176303,1152607
452690,50.10527258,1.51552226,86.92106712,99235,52.70755454,114828
2598421,93.54647247,3.02701332,67.15286109,41438,44.17243727,125824
2004109,50.23642184,2.182144673,86.19736934,78819,19.3227488,1132701
4472880,54.63921857,4.589524267,28.13819059,63856,28.29331125,2181444
7255547,64.15684506,9.303607523,80.34728161,53576,39.3369631,3205819
8373735,86.33436133,5.248543908,74.70319877,61938,51.95095009,844708
6507294,93.29444536,1.120623638,64.172193,69028,45.95954987,215151
1434250,85.55061015,3.544711206,60.00233489,79807,30.17291682,175060
111087,81.07521046,1.401354175,35.32397322,69877,10.45250505,21395
6459907,73.45853003,1.326588604,75.3128628,117783,44.73674553,991751
1546176,53.90173453,3.481478678,50.12123692,63461,29.9938192,587063
89353,93.11768569,3.480511048,15.67132607,113474,61.42258105,3203
6534531,84.12765863,8.084139423,35.02905287,60469,11.67623857,1539233
3410011,78.75272234,9.773511875,84.82376788,103136,50.93794679,634882
7704909,84.15661305,4.340863845,78.05442085,40435,75.90319663,415765
4309622,82.58464982,4.85998191,88.55245585,104117,22.2086487,740337
5009617,78.67542109,8.603104927,60.23947061,34191,43.01546435,1326235
5775570,94.12595601,3.413251181,29.80080585,104726,16.39953943,436383
466880,90.65137157,2.40743624,23.02520397,143658,53.79773386,27098
7122695,79.09992136,8.677806611,24.95315525,135660,48.53721764,1205518
7483296,81.19288452,1.418505278,11.58365267,47386,38.51558669,1097108
5015050,52.3218113,6.577294962,41.25456888,51721,46.4963915,2382002
863168,80.1462859,6.057935627,25.31421444,74786,72.76022609,82988
275281,51.9874447,4.113284028,42.93243684,33704,23.74060116,120284
3832875,76.47186906,3.83670569,84.79955455,76635,11.57951582,1166820
3045765,94.97090748,7.946719536,44.44321676,22123,70.31654193,92511
7784102,75.01129616,1.777821497,80.23875976,110710,50.39819577,1171517
5645108,71.29445531,3.131058784,58.44038133,129837,72.34609188,622889
5724719,64.07846854,7.592038587,29.77052437,134912,51.78616564,1715153
8708144,55.42351605,5.934885254,38.46838074,82993,66.7112763,2082744
6659280,82.89606522,2.151893877,16.71356287,132752,40.07713543,674918
5550306,58.66695625,8.939220529,36.67700749,100122,62.49019519,1720340
4422093,55.18769096,4.541030619,64.20327564,117512,73.91290268,625851
1611729,68.97931969,8.450815378,15.76888743,45416,50.04860746,448815
5081595,85.79038271,8.08941714,26.43211268,21814,22.65496054,926484
5528047,83.52790467,6.619829018,40.51528331,98537,28.81583305,1096860
9120277,52.46971766,5.450330182,88.56396296,70258,23.90512038,4349178
1169043,70.48146583,9.815957563,72.78894584,36508,27.27999193,535391
7153230,73.50955592,2.304685651,68.67893972,105166,31.44908145,1786976
2608231,79.00459928,7.526401548,19.29527652,98916,48.85936507,424733
6709908,79.25753077,2.720716313,72.47967149,133710,51.15941406,727846
3130389,66.41137623,4.044367948,72.82150492,55699,39.85498231,762226
1711909,75.23047373,3.77828869,58.08821565,66335,53.07945459,315482
2706138,71.64778477,9.52332389,89.22894256,66806,15.71024479,1276835
160078,89.82492604,9.7062056,36.02031247,97853,16.14517659,26562
1965631,73.86193097,2.647138998,85.30179586,83768,22.02806223,426944
6364127,69.84644728,1.198316443,83.1784892,55739,46.26542486,1223818
9842712,68.20184524,7.480072357,10.91845278,54785,24.97962751,4708452
2058187,75.75924917,4.761909405,46.00932212,51980,29.82990824,584646
1709066,86.17896407,1.799562206,88.16833864,109335,38.02189853,181454
2198815,74.22806707,7.15378695,18.24970899,120719,66.83062868,267651
7405740,79.77448288,5.905949754,53.82277555,114702,10.97034951,1792247
4556259,83.20350951,9.824651398,88.31660056,105016,55.45651742,553967
7523915,73.40756494,3.046685463,54.43963393,21609,56.82135717,1017782
7708426,69.20676755,4.635800887,25.18522424,86253,65.90590462,1011833
6454003,89.449942,5.882912231,56.57465841,105481,75.29270573,241555
4185314,68.78777378,8.125299896,26.35524592,111128,11.40964943,2001167
960681,70.78742828,5.93954791,51.57634103,48141,20.76485939,417244
1657618,94.5653591,6.516101448,15.92337743,50009,72.03199058,43449
3946830,50.01068856,3.035323464,58.43861354,147581,42.09629935,1688739
4386787,58.34628093,8.622268553,51.34319513,130966,49.52134473,1862199
2805423,67.27837505,4.857674923,69.2129095,26782,56.41190426,502353
121295,91.96654592,2.268636648,60.45603769,112072,57.53466231,5555
9182582,53.15133676,6.977691231,53.96850148,119352,75.22182823,1646911
7663287,50.42684451,2.944814079,65.18230794,45933,79.78645922,1049341
3495376,52.37077262,1.878062592,21.51535309,97154,60.41102227,733063
5301035,53.98445348,8.757882176,57.6287729,28307,30.10548464,3834743
3662600,51.69185479,5.14146038,23.76884823,112207,71.58266816,689304
875816,71.59015971,7.743553414,84.04177663,126209,13.44546402,348370
8813313,76.13407433,3.615288038,15.46672839,128297,26.1756597,2478398
2076793,62.2259137,8.082731214,44.42997998,95874,72.81700022,312289
604594,67.92293228,2.007423343,65.66379821,58346,27.93340601,181022
8586326,54.12647008,4.203760364,46.64177693,132138,25.44557417,4546998
3554473,65.13667087,9.802556362,17.36762026,70772,19.66877052,2236525
7349695,73.51336362,8.145907447,54.27032129,92084,70.13782304,1255051
2254664,82.95223132,5.475303373,61.33055271,60149,45.00407814,389362
4391747,50.15058629,4.057997244,66.30338488,106700,57.24252421,1087104
9957771,71.02898449,8.8492213,39.86078516,47526,26.73464689,4496868
736976,63.36512944,5.903629832,55.09279768,116758,63.06282947,167883
2522189,88.37698198,7.825825161,46.054918,105712,63.20038815,203638
8556404,82.19989919,7.786969123,63.7644831,148447,31.88186174,1571019
1291082,76.50988405,1.161511107,56.68455739,88477,38.74778431,219796
5234502,62.47695406,2.136284045,52.06049756,25695,24.67831942,2141988
6611000,90.96525959,6.936664298,29.96194935,59169,78.35927163,254980
6721458,52.02953047,2.454578302,10.16148142,67947,55.19218039,1755558
4942306,54.92604194,3.299440102,23.92653402,67224,75.41807165,594269
3724515,67.62335632,9.519741588,19.36528331,65865,31.23698805,1529411
1629159,55.59969008,6.041640325,45.9267796,45553,64.73236391,462665
9345925,93.03870639,7.756565563,58.98065206,124501,63.61010507,454272
4565488,85.9095195,6.021826649,27.04680069,80410,58.41589563,421630
6091495,61.65421932,5.972622533,85.12456768,123754,77.59472827,687165
9106842,76.4849403,1.847367191,10.53457034,110895,37.54887353,1538108
8817088,94.20487318,4.092968733,71.78408121,44816,19.15021265,574982
6374167,89.78895402,3.541878088,60.01638156,75026,57.01962015,443768
841971,77.03593009,4.516555291,39.88438408,70705,61.05168603,115489
551157,90.66757852,8.185097694,14.03911555,81922,50.25424014,43025
4428727,94.51332094,4.347394011,60.19892574,135700,24.47725252,265959
4174499,83.45087703,5.065271373,40.84908103,93914,45.31191592,470382
5996594,52.92438843,4.576432514,84.90137115,21881,31.85328156,3334176
5156799,68.07111064,1.840671748,53.35920599,59567,39.92265697,1105691
4377576,87.70215809,4.969649424,85.1721209,67365,55.16530031,358118
5012140,60.37561381,2.760483457,27.63869548,147928,62.16503199,903336
2849487,87.3789133,2.680509662,68.05807283,99211,26.25572836,360852
2954941,55.41524429,1.84632494,59.37992167,90122,38.37277525,1024229
8033441,52.11254107,4.210038767,69.15265839,45006,28.84130997,4225012
5370385,67.28407752,7.817336963,27.17342912,61198,23.90421297,2161217
2150021,51.65293718,3.487975215,63.1995613,42831,64.8371054,456646
9799436,93.07716183,3.811141917,49.84323144,120649,73.64768861,209895
6978040,87.17925631,6.784071919,69.42599799,36459,35.916253,1022115
668467,86.03463592,2.762567313,36.16357153,52443,62.58952471,36367
5383152,78.34000653,9.072621374,81.20456204,62316,72.78967026,628760
7378141,59.73458104,5.681714709,16.74410517,116131,69.22869474,1645562
5122148,73.3217165,5.028426463,74.5751455,84486,22.7969372,1833331
1757923,76.87733326,6.020381727,78.90557007,25877,76.94043171,147101
5184207,73.62641754,2.494308821,75.38018491,59553,36.36735083,1069340
8566999,61.71050156,6.521258248,51.01811154,134137,33.74684628,2982964
6780886,73.18615659,4.26790663,45.0707984,24922,14.37019291,2373156
9455634,72.10338534,9.074677069,89.70098292,142778,44.03215579,3177905
5903584,94.83510991,2.51968786,28.3337561,137018,17.63095309,282321
8220528,90.38462666,5.563459935,53.75007727,24686,27.39778746,865028
4351754,70.85213367,6.383013664,63.65404203,52766,32.18598352,1600240
2319042,78.03218223,1.300452416,66.06941087,99943,66.61784264,221168
2033509,83.65422218,4.273238123,26.32197326,52006,71.28420553,122241
7790141,51.56893221,7.593717112,62.31952739,51422,31.17264222,4661067
166381,90.27146486,8.383397567,75.46956532,136590,70.10886849,7800
1571701,88.70570674,3.818457953,14.00148615,148886,70.00616562,61856
6155525,70.5844444,8.187339451,82.92170347,32205,63.52556653,1398685
9637994,67.60263947,9.709802894,12.36032441,106590,20.26865798,5535984
3488618,62.28317187,8.711865425,38.4776826,43527,58.32259928,1132872
7963697,71.45045727,2.058795893,11.2650557,131483,76.15168452,535831
2507184,51.99694986,7.657572989,16.17161348,38443,57.77783351,1020645
4153022,88.348709,3.877001492,82.89346281,36524,33.21317944,437347
1468175,51.59400658,9.895743905,38.38886646,136477,45.04055222,728114
3856688,64.80731144,5.368230848,43.98172243,48202,55.20075303,951833
7315795,91.92152697,2.101905085,27.22755051,85552,45.73992861,324647
3822962,83.08456945,7.526669932,57.76766161,66142,18.39670592,1019838
4091776,62.66259323,3.907100785,57.58425717,81692,31.84448313,1495832
2777423,61.36920923,9.973703414,39.77603135,102384,66.16772214,634151
5759840,50.22869629,9.818042121,36.64278974,40855,70.29926323,1476967
5180397,81.30714318,6.905206162,80.79714465,103747,19.61100229,1149788
3501356,52.19526118,2.168438041,40.66273917,80372,76.66707267,391026
9570173,73.96711337,7.181748979,49.48007937,45095,33.01758325,2967978
3494084,93.29548877,1.837274378,32.66438099,58724,56.36196171,137482
2977109,54.9260987,1.264277432,72.94156027,69241,62.62776022,455874
7029451,90.25159689,8.406626016,41.79585255,123119,66.83623642,342843
8569981,94.61639008,2.887776529,51.08888372,72003,76.20247916,145621
7828484,52.76826618,4.411244136,30.2685736,88379,31.90436836,4092264
8553902,89.73078211,9.76111651,89.01276739,114837,70.09545182,483123
6264624,73.22355592,4.031564517,33.31965927,111996,19.21808324,1787000
4892611,90.79311738,3.668408032,71.65940247,117454,59.35286344,259910
6407182,75.70935239,9.263871997,44.19965203,114283,61.93844107,1038071
4385868,79.79504045,1.996736008,26.49739241,35972,57.44062688,366776
9864996,74.47005086,7.836241691,73.97750112,143805,27.66203153,3555249
2265167,88.90217961,9.8925901,36.68854312,113846,71.11302029,151714
3936402,83.02594635,9.111664097,79.21546779,42927,21.82009244,1030589
6595535,73.45671405,6.865011268,83.22057479,140589,13.75443541,2792579
6892385,89.06723618,3.826547155,78.78590683,135657,60.22254934,443477
9128552,61.03784895,3.288897831,12.80063318,86630,43.28330007,2365304
738105,57.08032969,8.373295944,72.9898676,124428,69.4368614,167396
2039173,57.21800474,8.918397226,42.90715732,142035,36.83779987,886548
3130761,65.03039954,5.728914213,79.89783361,72347,21.7795012,1147546
1464466,60.74105141,3.199059467,61.03634101,119708,68.55095347,255473
495101,91.85406577,2.016488876,76.69145073,146244,48.42367421,28580
8156609,54.76253422,1.78461521,49.95454159,108860,23.24370547,3955394
7463023,81.45458321,7.471697026,52.80204037,106210,60.4268799,1006072
7663269,58.51496929,4.781068551,21.55101057,89518,45.77795469,2225973
1155534,89.67367097,9.148238869,72.7189887,65283,52.30190876,91791
9663273,93.25918797,7.657041707,43.55116893,101326,42.26288367,747164
4403127,70.94615039,2.721343761,50.00640946,32205,68.00962887,537016
7365360,89.55821661,6.523996769,72.80781713,140243,68.0693901,424979
8123461,50.23153268,4.91954909,57.90763201,109874,59.65721753,2707385
548863,86.89761128,6.195247577,26.0878982,32748,17.37809642,104051
8806262,60.28813227,7.64262211,57.21861273,41097,68.71977033,2188139
2726188,90.89155892,8.255762929,42.61062864,23092,56.97090864,160431
3345990,50.05040502,8.593635938,47.56204336,73311,58.79169162,1407364
7832937,75.02817808,3.285773871,12.26490195,42692,35.40879883,1914123
6576818,84.04861117,1.280040399,26.80234796,144954,71.54956893,307875
9931393,61.64097488,7.653652616,32.48304651,43862,60.77601202,2786131
9235687,58.69097891,1.957093536,67.03680063,110396,17.88133266,3467651
5541590,53.7844201,3.834276298,10.91939786,99507,38.54446241,2576286
6562440,64.68951094,1.034354207,42.7021809,100152,72.04662534,581350
6149628,75.19299405,7.135025342,83.92214963,90469,13.30376912,2338584
6605968,55.21297356,2.504188103,18.95044932,24926,77.29916337,727788
2749015,66.95129129,6.897541687,51.31395106,111299,57.54137978,707140
9724733,50.40825821,9.925683555,72.92179059,23969,54.19631844,3830872
8887590,86.84057392,1.654037844,85.4025046,55733,28.93914795,866043
1222622,55.78019231,1.693702108,69.74213116,89855,27.41542521,457853
2553771,62.75043267,4.063420834,67.64524389,61743,75.94407536,375223
3227825,50.82924734,8.797478628,76.11904722,59876,30.8790718,1824378
1046161,69.45083528,2.939768819,45.69609768,127445,64.28537077,126678
4233839,87.80546762,4.243400379,74.46756261,40323,37.51852587,507075
716326,67.64680452,1.61654866,10.63715238,36428,19.74778495,216107
699150,58.07737955,7.868397621,83.96488443,54578,10.75007084,544416
3425957,83.91644753,4.674757085,45.46452076,106486,48.09801359,360356
168834,85.49631418,7.833238598,54.27041503,128577,78.3045173,10027
3289576,57.81890639,9.132470599,30.39057991,84140,35.83953357,1521323
5943309,84.68843488,3.094868324,69.40246663,146378,35.00346338,668191
5998540,92.62840497,8.266564273,16.13086452,127325,34.08641325,571464
4299913,57.48699141,1.531845011,79.8108642,103829,46.43806861,1171422
4472201,84.69429316,9.089626494,76.24934632,26364,40.84654184,851739
1129600,81.88574021,6.856916928,27.2848093,148867,71.59402387,90511
9464323,71.31082498,8.868040517,74.74595186,55349,45.38645542,2739688
9877141,52.60642073,1.001695596,72.90861864,20691,45.54304867,2698509
3553157,53.3612488,2.521729633,60.57732782,146899,19.68601163,1989246
8322874,88.35865966,4.507834487,39.88161415,115598,78.79176786,273341
8899851,94.55667677,4.41552613,31.71990033,86467,27.49810236,464766
2035588,80.42235157,3.040573446,28.54268722,65896,15.13548472,415375
8690059,70.06812382,4.434507459,35.48871702,77062,56.42023743,1678502
4247355,79.14081395,2.159638408,82.28467547,117266,51.67564591,469022
1802683,76.74781367,4.714850163,16.21126208,99762,39.06019578,438310
7766868,67.26255172,8.221188962,76.3097021,33861,39.55345637,2538040
1054646,52.95317651,5.311630568,37.911206,116837,64.95447447,308405
9410133,86.96808263,1.162000801,51.72795168,133779,23.69988481,878756
3917500,66.73250882,4.792996374,73.55885069,108302,67.41773233,667492
499395,86.84535395,1.244575145,80.75012376,121710,55.41229797,38298
5193901,61.36289374,9.696190696,37.58251361,83928,39.32788416,2080362
6804350,50.04632659,2.147085635,46.9474785,126643,42.06200316,2840281
1310386,57.15222275,7.369194937,43.16128519,135720,27.9653045,689264
3104390,71.08427375,9.754986906,11.06008268,103231,62.64800329,780461
7069431,92.49366357,8.434351465,33.67543111,61347,45.90123196,566639
3429569,54.59871289,7.293838376,46.7351387,23121,32.45981799,1674359
2950603,88.43943985,8.555148186,42.88748871,103793,51.7235081,267458
8661474,73.71608433,9.836188239,67.7543382,48164,79.70141164,844692
9573856,87.16643446,6.592100475,40.78428938,45491,40.46835958,1016052
1696711,63.42684939,6.032663261,49.15011592,79222,74.44839805,217997
5637774,87.79762241,6.654142994,44.36868737,43165,34.15117879,635132
6369707,84.7770251,5.794082981,69.25009191,134250,13.83128948,1278987
8017801,60.35241574,6.715801953,79.03779192,23748,24.29694745,4498257
1473286,55.91008069,5.048579872,52.55112632,118581,39.30866003,508163
3745961,89.06244451,2.965988646,73.15457554,46553,25.374445,337817
8267316,93.3456494,2.082225039,33.74293456,136547,10.01589268,632427
3227945,51.40860412,1.61506842,53.30956881,80380,74.05010764,415498
7398340,82.90715301,3.369842054,37.61839629,64331,69.07155879,438750
233062,90.92860299,1.415112079,43.13607405,116033,61.9604562,7957
2891992,88.58120414,6.104537019,68.59310919,116844,21.7470217,486702
4344539,93.40342125,3.554456023,80.53299859,140617,18.42545033,357630
6145929,84.20423353,8.420813273,19.71963129,59560,14.73233246,1435819
4994505,69.90344431,1.668167857,60.77114052,73865,60.68204321,732591
853328,64.03783957,3.037163449,56.57150461,66686,75.01655725,101443
4112958,64.43342332,7.572215324,19.47320313,95910,40.13750746,1647806
1093233,82.59902027,6.389274667,26.95154644,24675,18.33984704,273201
6518703,83.56266554,1.580421441,34.88019958,86706,45.86749745,706287
579525,59.01616146,8.895155114,23.35448567,126985,34.41823352,266782
226615,89.06552661,8.895355865,29.4983586,129021,36.2377447,24349
4431932,82.17158181,3.973672035,31.40806391,144062,53.49314369,504365
6715088,75.32376289,4.06365259,36.85390664,147359,60.31026793,1069574
7524447,71.2189607,9.901255225,69.95123622,97986,17.74225192,3643732
4651020,74.44547626,6.635585544,55.75297631,96216,12.49131616,1960281
3749391,57.16605822,5.781848685,88.89973376,30068,79.60312119,618639
8979860,59.16655622,8.543369652,43.17886616,74460,26.29098442,4337455
7056454,54.10240207,3.567613045,70.30920591,120766,13.76813674,4079875
3662610,56.91461172,4.862643341,79.71747371,66418,23.29127304,1924556
7081883,70.41621356,3.409990079,64.31827944,46206,12.72704924,2922674
2214367,73.86594772,8.102447619,42.94917923,148180,37.42676262,782841
194356,50.80378516,6.160144111,70.28757046,20287,66.16812491,56179
8794220,85.85590225,6.929425631,26.29337102,42337,33.88711148,1249422
8448043,63.2375588,3.270765249,36.20417321,40666,41.09283848,2717806
1798014,91.03262157,2.982027712,53.73482041,136595,57.29107415,75344
7206720,93.53800686,5.395371661,56.03275098,21161,45.6225849,433637
2338627,58.34564936,7.638091742,11.77131804,134817,70.30119802,594010
6567963,70.79437808,5.727157818,85.6091351,141025,70.62249725,844726
6647519,50.05543258,1.293811098,65.7301817,120667,10.69374868,3523634
814121,76.92472693,8.816963557,49.65630002,110071,64.46324145,122111
7118121,77.32879017,1.582182042,84.65017875,118064,42.25135202,1052504
9608356,61.139298,9.602420353,45.12764522,58751,79.21883789,1405662
3552630,75.12857027,1.226277624,88.43484562,102063,43.82624531,615636
5748848,60.14930641,7.250054105,50.98278058,126511,79.08271618,970855
1157677,57.23714611,1.739863573,19.1428616,109389,62.81985528,254182
5788852,79.31837601,9.196089215,71.1840778,34758,27.40234192,1451403
338790,64.66664588,5.179899126,64.31181801,85780,47.68764855,109306
5134921,76.56187725,2.237713973,71.8389377,135614,79.44949476,331422
9847444,69.4961037,4.067341298,86.1153623,23178,70.02714254,1141323
3743305,94.29581333,2.483422078,72.11914421,51831,16.81568257,183351
4516271,56.73112892,2.535237204,58.90692818,22176,59.44603978,901205
4435536,70.90693685,9.532974882,78.58471219,123306,34.19057101,1932299
1402695,80.62054819,5.007215011,63.85971515,53654,10.48875833,384611
1639228,67.79952877,8.099220375,42.64952455,143220,38.24366783,642155
1150567,93.86149333,6.756450051,80.84958114,46627,26.43280952,78607
7756358,82.48494326,7.087837261,27.75203686,72550,67.32084894,825198
99115,79.56427359,2.185240946,67.17130199,132025,33.61314262,13292
771747,84.06766704,3.107660021,80.5250764,64910,67.92665858,49114
5442023,92.86918871,8.080753016,68.50532158,110417,10.04185572,663186
6007515,90.85183938,9.736895858,65.78203352,78251,31.5473405,637392
6282753,82.59283887,3.364080783,70.21106353,55422,26.881565,1206744
5296880,83.71227376,3.444118883,47.20441986,31984,26.34971527,763714
1454330,56.56649333,5.256074195,79.93365457,109312,14.77306338,871338
301492,54.6256582,9.854562816,26.27491801,81386,23.09869893,200951
4085851,75.69070258,3.420630512,20.19091328,103291,48.88846989,707487
541072,50.82654366,4.662747187,32.84070241,27135,30.3952751,228906
1136880,71.70603717,9.023320141,52.52619174,20320,39.21763476,300067
2105723,59.4657311,1.026289294,50.84494363,122958,36.38068162,696834
2298988,65.57074554,1.357893685,75.64790061,114171,71.31334475,234130
9752701,84.91121311,6.436645094,42.36549251,41684,73.37092993,726453
3026242,92.35568769,9.166421482,48.7475541,75913,44.50698802,295194
4630081,53.25873225,3.149709944,11.06941466,108774,33.11091652,1683813
2698790,74.04089927,5.226775972,42.77913892,41889,17.47604928,797641
3813024,89.71400686,5.054187715,61.82193864,115849,76.73820156,146293
4883177,53.71288405,5.256742115,11.24066645,118071,14.21588614,3508986
8322841,87.10313211,6.602677262,32.47055721,68899,30.83551943,1437596
3403597,66.10106079,5.227693867,26.63650874,144011,30.86463408,1216068
8504561,64.4942616,5.027213272,13.35883431,30770,32.42809003,3428104
2647480,93.98598738,5.268595784,48.34080719,59321,21.50007903,163032
4247571,59.03865904,6.317806971,24.53786346,105962,64.82130016,1189485
6424201,81.19372734,5.833067395,69.44652317,129863,18.57485034,1846866
6168900,86.96483276,8.687223979,77.8342307,61777,54.44346614,592492
2972097,51.85325729,1.445471681,53.64681461,66250,18.66922187,1225172
207164,80.16734563,8.499853643,88.5365874,93034,14.93749463,54314
581831,92.81974885,8.595321514,46.03828572,124940,73.66006526,18593
3039475,55.5898985,3.564172194,51.06945682,60130,23.30901364,1581625
3419720,90.32995862,5.165667595,89.13742032,101931,67.48751082,155117
4761075,76.76494868,4.946846397,28.52387488,69346,48.12416098,716533
7172313,77.74720618,2.966588509,85.40367517,22537,15.44995637,1639351
6904500,77.58248787,4.571171624,13.42700441,104762,76.8813734,621804
2690328,63.44761489,1.39948995,45.71095122,35216,27.28728169,857393
9129703,92.08408169,3.500398655,15.60028097,104149,70.17517417,281234
9272335,92.63077082,8.350139579,68.33877943,23009,21.8167004,849553
7376434,78.13870971,3.561060716,58.67271487,109904,69.77600175,789484
9601536,85.25402267,8.363860019,66.53074108,49327,10.9260169,2613177
5113778,77.55160936,5.784395181,39.958432,34209,45.82463196,895845
4020001,71.79793014,8.918764096,39.55855472,68443,63.86098056,641831
120640,79.73690532,6.173015988,13.62554232,35029,75.43568622,7989
4172263,74.88506537,1.267014008,37.99559516,87613,73.64414953,263914
4644877,76.88641382,7.078781868,84.34307218,99443,67.37374087,617553
1405531,85.2724649,1.403682112,40.33812297,76997,72.17339448,76952
725510,71.64067242,5.055373171,76.5094165,122171,23.94537801,235282
3791196,51.83393477,9.36484025,77.38604038,134456,29.8929007,2819173
7040102,57.37997664,2.486835454,39.85929251,82559,30.22779674,2557547
2784296,69.73732474,4.508851176,60.55909443,84892,36.39377517,842476
6756024,82.61719519,7.56874278,17.62972818,90409,37.53244693,1408402
948320,76.69753917,8.940327005,18.29428646,28635,48.11887273,188827
5831565,79.26323836,7.038487043,13.89261309,53065,21.19158344,1533646
2057635,71.56755179,3.323559288,56.48120747,131399,58.38726647,342175
9665215,77.70839099,7.071470676,44.08567821,140544,21.72965775,2384501
3314908,64.8057847,3.67054877,53.84258853,127340,31.72159375,1028649
4310538,71.15821667,7.465863068,51.68585524,53783,45.23415914,1205749
6536460,83.49255795,9.586298148,38.01623929,54152,65.75083931,867479
6247323,89.23247505,7.49254106,64.19787319,78741,61.76284633,445350
3671581,69.51449003,8.765924526,70.68015047,127049,55.18740495,1060273
4296238,51.9647746,1.018934589,11.17026071,71502,20.90412824,1749754
6013135,57.27526449,7.458149123,26.57938398,49092,48.29317419,2594085
8864131,50.93875127,8.466288012,67.05886945,37653,16.12125513,6993153
3649865,79.39683587,1.365028638,40.92961381,117999,36.41542238,627449
5432287,64.95415814,8.844379546,62.99871576,119564,38.94615712,2112325
8040340,74.41153861,3.310248055,37.75701278,60469,12.78680076,2487933
1089458,72.19745811,6.987628918,41.26041219,143064,29.17916696,383360
3822811,53.66869203,8.203193911,22.6943099,106483,76.89546271,720290
2367336,68.14676125,6.963980618,30.65848157,141585,76.75428255,255054
2813642,59.92525062,1.830563129,58.4329406,79754,34.6628938,729877
7739684,68.82799049,6.36689367,44.65304891,49978,13.01700763,2770663
3838340,59.16102262,5.94625291,71.94421464,107592,22.53664575,2225612
247775,87.82035828,9.102891413,78.2067964,114543,37.45524554,32255
2436488,57.83870015,4.638157567,53.33171346,63169,76.34457886,314661
837494,93.23512482,3.889729874,70.66138336,68287,19.88393445,68998
5901244,68.71583148,7.74865688,34.55236106,74745,63.44610906,1111522
5382660,88.08103814,4.714077935,43.19769723,130168,17.60777776,779656
9639801,78.29441682,6.814865575,67.0222141,133985,78.68803042,648596
6887433,83.09076344,6.818050811,40.89695943,140843,36.71315494,1467522
5133769,84.54757496,8.992351579,57.08039481,25543,64.26641772,614092
583636,72.71801969,6.388231621,24.82982233,76392,33.9813758,197341
4282406,74.44852355,5.51938249,57.9817052,41067,53.9368214,753056
2326360,73.12981405,2.249841938,78.92109658,71033,23.44112593,647759
4458249,76.46262701,2.04163846,79.49117119,65256,20.22147135,864477
4476219,51.32275006,2.388894088,67.94755251,110633,75.66448977,527798
8964438,67.79818264,2.546636332,69.66027033,128383,74.23530945,753982
1382397,77.27849211,6.740893834,54.63419561,129048,72.12282581,151665
7567836,76.89756044,7.668831252,56.77344721,89345,53.78034151,1402314
9156824,85.68302426,5.769923706,20.69204651,42191,66.57877479,695931
6696705,79.47542025,8.461159593,45.50873507,106803,14.83258558,1735303
5512810,94.64599924,9.921369041,46.06210271,92742,33.43523293,379290
8955921,62.77345379,8.380113662,86.67982685,138843,31.95921873,4533157
6953836,66.16179633,7.253941363,44.48694901,106593,54.49517254,1805121
9776290,67.27312183,5.792434295,53.94741159,48992,34.91704414,3593937
6293669,70.96157632,5.039677645,52.66011194,132050,20.39547472,1954364
1336643,87.61991287,1.759531425,60.94093736,101531,51.75269528,105646
9972192,60.61064423,4.594318736,69.85862651,68803,67.00687445,1958273
8365390,84.92000932,9.191211731,28.00335009,129975,36.74864461,1354134
6250646,68.23895824,8.272203669,52.29795353,83477,19.25881006,2620459
7033896,77.08349226,2.944462285,76.07341659,33210,23.76817381,1672072
8833148,78.464324,5.199470062,47.04917711,103329,26.62383136,2401566
5459861,66.77818867,8.350508823,32.27660371,46270,30.99283151,2219408
4989003,73.06768423,1.606460993,62.37672603,82008,54.99565494,633991
6361326,68.58640286,4.486533271,75.90139166,25197,52.06618392,1591333
5196386,53.11097538,8.666571132,15.05122343,133857,58.72559031,2004334
8465398,69.6724425,4.635080778,72.14323867,27452,35.37513892,2377749
498345,54.38270266,1.698531803,75.73183464,61486,67.67983563,85537
9187682,68.22593596,5.882809317,46.92183421,34859,24.28613628,3095305
7877494,76.68132799,8.755682454,88.66445255,47236,42.83285233,2069468
3735501,76.07367047,6.312569887,72.93666726,51899,66.06571051,466795
1929490,79.81795756,3.036511974,71.89300519,52083,22.61110534,470758
5034445,54.28676786,4.458156581,69.82708595,87708,17.69041796,2717068
6989705,79.34554605,5.051110251,22.04864826,131462,71.85787774,608049
7052587,64.04666255,6.213397184,27.37847092,36663,34.00507639,2784606
6792471,67.95706758,7.834159232,47.11921052,113076,57.87090874,1907896
1504908,88.60938143,1.889862559,31.120348,138665,11.7744023,201452
3369144,50.40636819,9.006868297,43.21927779,39053,58.30328219,1298327
8743670,76.4785685,1.110787327,81.07712879,31085,32.12709181,1686630
5856466,76.9421291,4.330471012,75.94615135,50564,13.90185975,1723602
5794588,67.84968994,1.24678279,60.40319028,109745,52.68689331,988301
5354509,60.66625357,4.536768028,78.64963154,79095,26.85626713,1963780
7718216,60.56033172,5.73231339,72.70179112,89517,37.07650694,2969922
4999499,89.76693513,5.605132479,44.31879455,41153,15.64065686,605016
2437312,69.89109682,2.490655123,26.08521216,25247,20.30142758,851759
3743976,64.89002133,6.811664591,51.1360832,30553,30.85840648,1427368
6112903,70.19499082,1.403006055,68.8983106,40811,16.28316504,2053922
4458224,80.12256807,7.857161381,44.9135679,115381,73.75783853,420764
4085493,56.55904557,9.519799906,63.34175278,26135,10.42329302,3266517
9864149,70.22452258,4.057919444,17.5461941,25573,43.87021532,2357376
5753737,76.4547967,5.655154435,69.84037891,138819,18.62732207,1469947
1921403,92.68625097,4.410192503,75.01708959,144588,31.53753626,131751
5797372,61.36375019,1.060393513,66.54702846,99267,74.82416919,523700
4898287,66.16628366,4.472870526,87.381087,27189,21.31861873,1980027
5708796,67.07113655,8.125482333,76.1321646,100077,77.60826238,746741
871052,77.24921709,6.36389958,82.24749823,63646,24.40560639,272399
2275300,66.05294239,1.911339232,84.68568668,96623,61.90962759,311258
1905567,74.00803664,8.624255407,74.10783935,131971,48.26740854,413178
1584837,85.18056484,5.779768104,63.94070736,73687,71.91351093,100191
3388442,81.74235174,8.575510256,10.45748651,88312,48.77952789,689049
4976203,70.08658909,6.221993669,47.26606026,127615,47.41914534,1376552
473570,88.889728,6.037196004,55.69298389,47564,23.68206003,62308
2423139,75.11631123,1.947332667,34.3224218,48835,21.63605534,568421
5271816,74.29576278,2.506237598,35.44835575,81587,74.15424058,365159
9296766,51.53844947,9.748227308,86.89275326,27697,32.94867392,7122087
2164792,94.40118412,3.056380721,81.33686922,100165,36.04575785,107942
8491136,55.53368638,9.797069062,77.93432044,93922,63.18765609,2515441
1923421,60.40089106,5.787214359,42.48094414,37046,33.71764377,824364
6600670,52.32635768,2.222101424,11.09588403,77823,76.64437126,757948
6131950,78.80013351,1.893719825,16.41777972,93580,61.65494383,703341
6975877,60.11155296,2.879776636,34.97570946,73370,51.82004698,1502093
9855685,58.10046969,9.33073597,11.25943304,29615,71.66266124,2395997
6017106,53.98500129,4.727352019,11.37198255,133338,13.47241358,3169060
5168922,54.64890307,4.558908412,83.32826413,25060,27.99438845,2671297
7227545,76.31018152,3.81885635,66.49268017,96436,42.5525434,1509744
5172783,80.96935396,2.323556655,34.71647921,80519,25.88849776,961449
5578983,67.88205448,5.390660775,20.61156621,140562,62.07336311,1093837
210775,71.59536867,2.170430043,50.93085743,91117,74.34456217,21628
7399369,80.86854812,8.519322127,10.42769287,81158,39.6639084,1315168
2717867,50.78209056,4.333572876,85.07309951,54782,33.94928201,1180782
6705623,64.54087957,4.37323211,43.18520955,105709,77.30855125,697421
7736841,93.78939866,5.266057856,42.18679642,98533,41.1396703,516047
7028737,76.10505034,4.997149418,41.24748861,128939,44.23338803,1342497
1394027,61.4401061,9.953721758,15.54626643,78255,34.61549106,766555
4216500,73.4778521,5.908430091,61.06577918,131952,73.66839311,503066
7517048,65.41940697,1.793815334,68.64028957,92684,49.82688383,1361025
9229875,73.9510245,6.461896074,64.09003181,76918,63.3522211,1299055
7934479,55.65836803,2.364258636,21.07483947,146093,66.82647028,1316828
547562,55.97215942,1.278438803,56.30721344,104284,33.92943293,173259
4628238,56.45940629,9.736679383,55.55875873,99558,40.35860319,2120011
4087776,92.29189064,7.961850024,79.47286304,105549,69.39302421,139940
4060912,82.98045133,9.820980932,40.33021267,124223,35.42787462,1018832
4561732,57.30718526,5.300906032,39.71887549,101422,65.57545934,1216869
5612067,58.47570877,5.79031778,59.4821647,140363,75.86946258,831668
5287196,82.88732637,2.515032603,60.64581228,146352,53.62472611,491202
4935211,57.02737302,3.22216684,47.54281819,45256,61.91391012,857420
6176319,60.5552582,8.546942934,45.44474899,50005,66.35681184,1629760
1650396,93.35060748,4.205670824,49.53181365,26638,69.15277542,54349
3361149,61.48879361,8.441334764,78.88362396,57419,37.65373365,1277881
8561010,79.77345577,7.381123519,46.8933521,53377,13.58844214,2246689
9605196,94.03840793,2.594538327,85.19454336,126244,38.13133899,497964
2546081,66.84335452,5.567017295,50.32030109,63116,57.16293608,589133
625278,50.78821959,7.096485894,85.93605545,56634,41.524527,251620
5237480,60.98662807,3.115334933,76.62655215,102291,62.42742056,1056256
1228049,87.38947361,8.476196595,38.99450581,43382,34.98877006,171798
3130201,88.90739762,5.903448918,79.0913137,135303,54.43208988,238413
7186029,84.5833714,2.487178454,18.80506274,76063,23.04938634,1179376
3514442,55.08994186,6.246859835,84.00377403,42394,62.45586057,1082486
9713340,85.79796673,9.997424237,60.53148121,87789,48.19871782,1372048
3364692,91.34050086,2.354693425,14.35125988,123246,24.2845072,321304
4769607,77.02742941,8.350812371,61.54053789,130634,30.43378214,1346433
6335088,92.33939104,2.865781029,87.93981233,20864,62.4026096,260277
1160389,87.20774977,8.041494965,15.58405237,119572,43.7820865,149584
8466320,80.01371826,7.611201308,54.37501678,60222,25.12220083,2586169
3962942,75.97333565,3.70440447,69.82354798,33666,77.70898333,338314
8551424,65.68581503,3.932408058,74.82068694,143664,60.05875139,1363418
7518810,57.16793504,8.132692528,43.10619723,40955,76.99943828,1577639
1685156,77.22292652,5.153009607,26.33332473,130674,39.89735318,395085
8573838,64.31501991,7.577362258,13.3873823,123533,43.25702385,3407177
5051045,88.98974004,2.331857326,56.37809257,101845,72.85686513,163881
4513418,94.70016218,8.673020037,46.23288562,136925,46.75345382,266861
9821802,83.85924932,7.39796245,85.89955161,89590,59.50952383,1273184
4395760,54.07167629,9.16248528,14.84839262,147775,27.65210142,2562870
7203768,62.9908518,2.191351411,64.83162748,86471,41.27085281,2254181
3301298,54.90993343,6.337130503,11.99729777,130476,18.64149061,1622290
4515150,79.27302415,6.392085265,23.71473414,108314,24.41860251,997096
8439012,84.43358891,4.181146665,46.28631999,142579,10.06603907,1700572
7299903,91.65536739,5.126197821,46.38979542,63298,12.74855362,828318
4947590,69.71775559,1.34183407,64.85604343,83108,78.40986762,388177
6239573,90.56190423,7.712740348,82.81704279,133864,26.96475866,614634
1373483,89.50510216,5.943902315,61.12257271,68924,56.43174967,118569
1772320,64.27380725,1.519669467,86.28280783,36709,68.73697892,186494
2382517,89.10052815,7.126803037,80.52925119,29726,48.54623215,196168
3246340,66.90525133,5.201038695,56.75998364,80824,20.72011501,1043066
8601881,63.35911736,1.310151335,76.70335607,60542,60.96815061,1428593
5437408,79.20835965,9.726469542,61.40620883,40245,52.01759871,1255091
5742493,64.77715525,9.542009288,16.28462647,54753,61.18754125,1635975
8297752,78.35939367,5.616121745,69.24517786,99788,63.8822636,1143514
1137341,77.44243125,1.843051786,17.5926753,41316,78.27872574,53149
6245200,75.35475173,7.791590994,57.52662245,122907,50.1494296,1388042
4027266,67.11888669,5.427379901,66.21121647,104698,33.91487789,1328221
5608956,74.68248747,3.722027305,15.32220866,35960,55.39251898,868859
3081756,76.84184637,5.422763598,28.46357231,50791,14.79084965,777400
893523,74.55590998,5.701997309,83.25377858,127766,72.81781228,104194
8984845,69.99887537,6.064405291,59.30515938,45216,18.35667079,3539912
4090479,50.66001757,4.971013423,29.7028815,52467,32.94899865,2240825
142193,76.41777685,6.451797728,65.25438169,84427,67.10217664,18041
1236887,57.57999733,9.268612395,57.7421136,132470,51.81186648,418856
8946761,78.9159186,4.260412784,50.12605599,82047,37.55448642,1779401
3384817,84.17049476,7.531448169,88.094958,93290,43.14049616,464109
2765514,72.52003891,9.050073011,64.67630219,67014,69.81831752,502037
2708571,74.40636492,5.103813482,40.03528877,24078,33.80030702,724491
4884357,92.81653518,4.991102527,74.00587457,98389,70.87547794,132185
7152173,88.12253126,6.419052868,80.76666343,70519,16.16941017,1385501
4942472,91.14064322,6.322660835,20.01764476,24042,64.3758906,256483
531680,86.61948297,8.259304081,26.04423823,69052,69.32833431,33035
5215679,54.90132538,5.288350454,27.29816073,34389,22.7272357,2919807
6230142,56.70463352,9.965106547,65.29694475,115961,40.12425727,2906172
5337118,73.69807088,1.53524412,58.2431644,88111,21.58498423,1424003
4150673,61.07313465,1.028510637,59.51932518,125058,59.46228903,814174
1584026,71.45129638,6.761784804,85.26186398,113715,47.47434376,474420
8754434,67.74643957,3.685914211,72.07292262,70733,54.47263427,1760664
3517366,74.72364073,3.163441498,20.23495396,54754,23.75408769,876237
377359,83.60940723,3.80709172,37.80056659,38624,24.82221034,70710
367537,82.19709082,3.304428086,44.83149169,105886,12.90481279,64673
7003757,73.45553596,1.277110447,41.6769271,46681,32.54472746,1440765
600222,87.00770385,9.743797382,63.54468873,109524,49.18212629,79690
5025026,69.38879412,2.986709396,81.35144826,101006,70.05544398,499956
7845134,90.35214304,7.606267863,34.48411708,44704,56.68492132,558278
2623619,53.20761215,7.863367552,54.15017091,124272,40.47774264,1489785
2503752,92.95970135,9.363316582,73.15275375,114913,76.71840801,90785
9802741,79.46118866,1.274945114,43.29744471,114108,60.34716404,755845
7315760,67.1033529,8.848435046,23.44945027,143731,75.1115642,944147
1403038,58.8719357,5.745035628,47.99607722,27493,46.93115813,436392
8689483,71.56324532,6.69289699,14.41780166,89639,28.12329924,3409230
4707693,58.75512454,6.800232494,85.39067632,120380,13.69786805,2397346
4314694,57.48492235,8.378180245,15.98569642,74383,60.8259396,1436886
757689,77.78082908,4.000665899,45.07653722,22994,18.49120986,161470
1346516,73.53881261,7.597460709,52.39050089,89280,31.19425898,452664
9995225,80.15432156,5.757202987,88.82430658,67234,47.27296355,1553168
3513351,91.83226448,8.140546129,23.28174589,67291,49.50916114,293211
9703648,73.9517096,9.914914295,19.15452149,148674,52.04082379,2156986
1904971,76.1419424,2.805859157,10.69649177,112868,21.63787312,481471
9088807,54.03318526,9.951837774,22.44571495,25594,36.58161834,4727368
1899396,82.29361037,1.808309389,26.58183833,125835,53.2035959,201725
2741276,67.99573431,1.020857931,60.44647533,27371,77.88732052,245762
9067469,93.95263574,1.397457426,27.57654323,67315,60.93417964,207703
2576954,87.0428307,4.076041643,11.64166518,103564,74.582263,136981
6599546,73.51164682,6.696156976,76.12946764,147251,63.35484408,1109585
8057407,55.54501944,1.621265868,39.24765608,121448,51.42018782,1720580
7435034,88.6737107,1.050992331,38.29573493,99526,23.44163584,691817
7113410,85.99014929,9.433819256,34.19832233,132387,56.66799563,725378
9100222,58.30633083,8.397339723,88.02986217,36626,53.63656962,3495685
8051482,63.28752301,8.28264854,23.60923338,106005,52.17284193,2852292
9105605,85.70332662,8.95981848,81.85904512,126258,44.28501076,1158314
1122647,58.33528009,7.300308455,72.14426657,125573,47.00596228,429890
1681107,91.29886201,1.939637168,16.11839644,27130,33.4109769,130931
9467063,69.10373413,4.591901693,88.93832812,26828,46.35188848,2689228
5156563,53.91675332,7.508345378,31.70927708,77514,23.8289134,3186255
8284679,86.70868896,3.523010147,17.88663416,127148,66.36220782,591108
6513768,66.80793574,7.186657277,76.34513873,132524,23.00438683,2901883
9744402,73.69246374,1.220486034,66.53404269,124635,15.94764029,2315344
5656594,55.0536955,3.755236068,59.37750447,72664,40.53722185,2369153
2000367,50.11628067,5.942173026,22.4784691,131701,56.08152077,696694
1960705,78.70933426,6.688808466,48.2796893,37883,40.64017775,408894
1651596,73.18288267,6.19336598,72.44448215,63059,29.37278924,504590
3841481,76.70923561,7.279806485,34.28991505,104078,49.07198287,896587
5173122,85.71847327,1.054798734,34.93518628,62932,34.29016348,607928
7807202,79.0972661,1.9084708,10.25127248,149900,75.30073831,461472
6398564,57.86480493,8.820498271,23.93947213,81269,74.58515977,1203584
4200276,66.23476336,7.135737797,80.03245001,139850,45.1660274,1328298
5773601,90.76509972,2.016384784,45.33971933,95986,32.95187958,442079
5404075,84.64751151,8.578669937,88.73875994,105959,61.59926898,529955
5329548,75.04866761,3.18008096,41.65663709,22035,12.56990604,1712547
2432357,61.5040249,5.304338958,67.21491638,129767,43.23383042,809081
7954069,63.59272258,2.306768616,32.55352343,60745,33.5426376,2211230
2295131,82.93811304,7.390990508,39.10477129,37241,74.43751196,146706
4296049,88.30284174,7.001689789,25.25807901,72975,10.84021191,682173
8530473,80.21411013,2.90001224,37.76498948,43154,48.6970413,1317763
5505770,86.42884891,8.770606902,53.77900163,45625,61.84645067,493398
1122200,84.49952608,4.611754218,89.34183048,64950,43.95125913,123587
2956158,56.73667856,3.63263582,63.13613705,118602,15.97821211,1441893
1272869,69.07751658,2.370966305,25.93967635,76396,78.0722973,98532
3175354,56.88427104,3.395512113,13.59691533,119227,46.2607302,802301
9868159,60.58560132,1.198242291,20.10851851,138920,52.9930371,1902564
4832883,89.11668311,6.249317432,55.0044161,33331,26.56268479,638726
6551632,71.28013845,8.580076717,71.21282631,83927,43.84486596,2003828
9352640,74.09111458,5.940824045,85.23353658,106226,40.04046444,2183183
4032588,58.03006844,2.973465657,11.26585376,104719,15.24270894,1821809
8133123,64.05223037,1.303022604,51.82081132,83014,17.43122475,3236683
6210686,60.36107758,2.931652659,47.6693885,59346,68.62307637,949901
9356167,59.2783774,4.745092853,62.48440176,90411,26.78739665,3715215
685605,78.7082357,7.836502858,54.76630836,74478,23.647079,178402
7529821,61.55977314,2.690585673,64.96313205,32254,45.34380159,1973749
4633897,78.44069687,7.47812308,62.64660678,75734,63.8122992,697477
9253739,52.63045763,8.802401215,19.36093799,48621,14.3362563,6230027
7463718,56.37984771,5.085521633,73.97743309,136490,50.37655437,2641229
117661,62.35431143,8.392887925,19.85860606,96441,18.344731,53782
6909991,76.86711126,5.991916132,65.88245002,66121,12.55227356,2162918
7635153,80.41285603,6.733817534,43.29162941,147386,13.69207665,2398241
5964988,69.92226351,5.736506143,51.10805877,101418,68.39148757,834848
6608221,70.06059116,5.168554451,82.26384115,80197,18.25807385,2515650
1357506,82.60325831,3.111880976,81.19069812,104577,13.16059551,237167
2951614,50.71194913,3.728746535,75.42850445,114634,40.6529921,1300042
3016422,65.3490511,3.60973107,50.81187044,138034,69.07954304,361076
3758654,86.84181757,6.069600379,68.89918481,62431,28.36858635,649574
7365436,77.14487346,2.079583237,51.03176444,137637,39.51988323,1081367
168033,65.17522097,9.251125216,79.5684866,119245,12.79457728,112950
9068873,90.74861565,7.485896308,42.22206666,120211,41.43549599,808495
5922354,84.76802274,4.613010678,87.61882755,24837,50.43291564,711608
1265502,61.92029513,2.427617301,84.58582066,131984,49.96349376,277993
9860404,79.03804269,8.937929527,69.32820956,110025,33.26986845,3036151
2369049,76.80878277,8.414002811,32.35327073,103163,32.08732265,584453
6342518,68.05345613,7.495493974,20.5322871,91232,17.46365333,2549638
7637768,66.51302356,3.443923427,78.37627601,68994,35.67588245,2205615
3770464,65.46022136,4.622019737,23.22418289,99079,16.96462682,1316778
2242614,77.77201025,1.924734272,78.34086312,32615,63.66171613,189738
820173,69.90844714,2.701355723,49.26120054,21466,77.63920084,82537
5692264,87.4338401,8.047149736,42.5245427,50771,77.90521197,339586
517010,80.13211773,7.43534847,82.25526231,138645,70.55497696,50124
1705016,53.14692226,6.341371867,58.3080786,103886,52.05545045,731856
4271038,78.80757007,9.061540533,56.12912057,85911,59.06059881,719004
9362483,62.20163464,6.24939866,54.70127557,118566,29.96440619,3656425
8426430,76.67653962,5.202712,39.69356128,40746,54.15392941,1480707
3930993,80.6059369,4.063336717,72.85144828,108422,41.89546846,662569
2618103,60.38731351,9.464036552,30.22387552,129884,43.74121378,1357839
8519872,70.55863902,1.744439154,85.1115968,80739,63.04435923,986373
8461883,58.56461883,9.377986349,81.5188164,128440,29.73428489,5102659
6532532,52.35524941,8.440431939,36.99842605,118187,32.26277282,3191078
5246467,67.03143906,2.169369321,68.35710159,93369,74.72492538,449800
6002793,66.33249223,6.084859219,55.85785556,21893,13.93570064,2242563
9011343,94.79662208,8.798931836,37.01194416,50573,43.99440089,592301
2050609,70.0858558,6.146282472,89.08173184,116907,73.89605603,289806
9351434,65.01062973,9.164798394,12.01898767,60874,52.72541055,3304457
2747143,76.1213753,9.486854351,30.21168245,97362,48.24849519,664112
9301130,53.99453273,4.8014607,51.60592489,119956,27.48209255,4225669
9242300,93.27495812,4.395822953,51.75624028,107460,34.02928423,507944
9599765,78.57320205,9.426890386,57.114646,147021,69.64338911,1108559
1364532,83.9677019,7.07626055,70.13409376,138580,49.14526922,180553
471240,57.67150722,2.044204132,59.87822644,53367,46.03195356,142947
994789,68.42650339,1.380625743,58.02251684,41199,16.97057995,301500
2263573,69.0210101,6.081661459,14.28115703,136600,11.12197095,832884
8964501,86.98128998,9.371538689,40.12242302,111404,77.45796321,411375
2305363,50.05565059,8.598238322,28.56445918,94328,36.38903171,1145488
8425741,63.53838988,7.082629718,31.22960893,77724,52.22491435,2417503
5106861,94.15563685,2.25204264,54.34699795,106133,15.58005512,362197
6486446,71.36989446,3.288082454,25.96042519,56405,57.818,1098134
4198887,67.21368261,8.879601039,33.51592808,118232,75.27966961,720070
9645702,55.39230509,2.64526513,28.96677668,128659,50.29656771,2667945
9107014,93.83740829,3.505954674,85.88023546,35989,18.82807257,581231
3718866,50.90118602,2.166405861,85.57325857,48931,50.72050692,923258
4662338,83.17311013,7.084974083,58.79532469,29290,63.64430492,560574
1083255,84.58699122,9.495840748,83.9617975,58367,38.44915756,223044
7132212,60.96455222,3.420712284,72.86501164,141136,71.58864236,920648
8252787,80.22012996,5.278659471,57.19583062,99878,55.40780674,1117616
5039847,54.1818115,6.709057657,10.51481692,110477,72.94742428,1038525
8979285,61.56712699,9.995196234,71.80130289,99481,53.64537179,3358673
7693603,85.45558947,1.943272585,66.19906733,96298,19.19015804,1272722
3144235,88.91087864,5.487137196,59.22029226,146299,31.67841978,380699
9610067,77.38188857,4.466081079,70.83394493,50133,24.12564638,2424150
6036126,72.80772943,8.792381487,51.03377318,132616,73.61785484,667387
2909653,57.16868093,5.283709579,66.32666171,125686,63.22800471,577947
437952,52.83990649,1.998797721,84.81376694,47052,57.34788582,92481
1080117,55.29420628,6.709817308,40.06440127,127286,31.06764237,452182
2946818,60.2310785,7.937025564,66.64974679,105489,22.88313404,1778846
2407821,65.37535259,1.025931265,48.05502544,60475,62.95157616,370983
8963742,67.14092865,8.730610169,63.95197215,102666,43.19105621,2677848
5634263,65.58447959,2.674207,71.03146684,116622,25.80526865,2068538
294761,60.75748995,5.968624282,13.63620003,77656,53.16353847,74566
8436180,72.9375911,4.742177506,61.72803552,24633,12.82336965,2700746
114323,87.13787487,7.476884349,28.13929475,37304,32.83191779,15528
1287715,62.58665923,4.340454533,63.60260302,127573,42.79898962,375010
8090979,92.40741586,8.82786859,47.46641487,117820,20.35708339,830769
1004480,89.30014978,7.574467249,71.88421935,66546,78.92581343,39630
6731134,57.27938951,6.82941854,19.87206522,27008,24.63681552,3512074
904016,85.38241805,8.16616536,60.10578813,68291,19.1247191,231933
5397417,75.8564322,7.786207314,32.27765831,47405,24.24744117,1443895
9303517,75.4958913,1.323448074,78.23855963,137069,63.83427932,799978
5859701,67.59692434,4.552609185,84.27068045,56386,39.78539615,1366206
9489101,72.55188496,9.377265676,89.71186349,110909,49.57911578,2672815
8721370,67.87304498,2.131518421,73.68059219,40827,11.47064099,2473004
2933427,74.28796784,7.633868954,70.29872563,53040,12.4101916,1321741
1466012,78.25775237,9.771326302,27.24006071,80354,41.20778849,372277
5802810,80.34367129,1.469787661,36.88056472,98543,67.16586702,434198
621650,73.96165367,7.139744926,47.25460334,38157,71.96672151,79690
4526576,82.46399303,5.213387272,71.87048382,117693,16.06945973,880093
8824533,56.35751222,6.212577298,83.19726921,55315,47.68541715,2871458
2913793,59.53921209,1.768072028,25.131128,55932,73.92607804,335529
4959047,86.84307518,1.387062567,83.78939877,41164,37.15809281,484350
6931289,64.513759,7.001799945,65.64997219,34414,68.0696082,1180452
7472212,51.03022212,8.409784868,58.86165845,147597,19.35869581,4598617
3807974,56.92060174,8.038138014,25.9873017,34327,75.47761428,862087
8841689,60.06264955,5.894251551,14.44200262,133880,62.59963223,1697726
7261179,93.07952996,1.89880139,55.47719188,20946,75.8934075,161591
8817500,75.7868643,7.192399995,62.12125467,34693,57.36320635,1745322
4249591,91.97288332,3.176999952,26.86251595,47241,35.43827524,266661
5550545,75.88235077,9.199618325,54.51649647,135194,75.67268208,534124
8341923,71.57094981,8.544388236,78.51947222,115790,29.28967434,2668937
3204240,64.1177461,7.384446704,76.80527564,35540,33.25207654,1439507
9095310,77.2866925,9.539613602,84.18841445,92255,59.05658926,1747122
7846324,56.26391111,1.282796394,39.27086476,84757,63.57214097,1569965
8162074,90.42177323,7.625803826,35.4439658,61203,75.05824387,403828
2240222,87.31995823,3.972185014,69.95408048,45081,24.33616863,323361
2769269,64.28891515,9.154592971,44.48899241,81861,65.85986247,557680
7285574,92.87588874,3.40007677,17.00389312,31350,61.69822374,239053
5722354,87.13403453,7.523708494,32.62409045,75512,14.46561894,1254577
5255597,79.98380986,8.898823177,43.48658284,76809,37.10561988,1105009
5334958,55.479286,1.374911365,33.40131404,121894,29.79358199,1572451
836667,71.52053104,4.578828216,36.57644568,117557,31.3143297,258002
9792257,72.77483997,7.860781288,33.50207249,62832,78.80628157,969815
1762503,60.46481113,5.094270006,13.31993337,48369,54.99441894,552892
3659736,53.59844275,3.405273668,60.96757607,51728,60.23733105,959580
8110833,84.95256337,2.978248139,57.78339363,37576,78.36323461,286569
6688155,55.49157735,2.183664402,62.27067988,49001,36.40412477,2719704
1434418,76.74308378,8.714166039,25.38479168,147625,66.12881179,191038
436594,92.14021282,6.178198629,33.65236333,103384,40.41716743,30924
2919760,89.42473367,1.687464505,59.56927416,20390,70.86735703,101022
1142501,62.49886807,4.443222912,57.97020548,107535,22.64602789,392754
5288331,88.31518869,4.309602857,50.50642475,65436,76.33803239,208935
8575631,50.01496278,2.635652716,38.03306,31569,25.31401959,3435721
1185964,50.79595143,4.919568629,83.03448038,33029,32.83543549,561585
9922232,77.11489237,3.988894289,37.18161938,42490,62.93345639,1107099
2205748,66.41591986,4.076233349,46.44953251,65875,37.56285991,722110
3975282,67.39073785,7.65123902,64.24910648,143552,52.57479637,1216754
923172,75.39984908,3.00937047,53.44171447,120864,41.12014507,149841
8960852,58.6302105,6.77673963,37.75087811,25867,61.9658956,2239181
5705378,59.52899078,6.135846615,44.85158324,100820,25.98318767,2618019
4923594,71.80707142,6.112832611,73.55846543,119515,14.09205911,1653525
4113309,83.9414095,6.967066115,32.25033244,29121,30.99505782,865692
6991245,77.87739881,5.935438326,21.38041918,21539,43.20160654,1515917
9501244,63.38097717,8.913296034,35.05305615,111024,21.76140365,4510817
7867304,69.36517299,7.080220828,77.96273724,37027,34.83581028,2539516
879735,57.67991413,5.922669262,17.11917719,147402,37.99881128,309593
7071862,53.35834165,8.467868083,89.33568587,94229,14.01742906,5506231
8401245,85.22132183,6.455319084,53.28023191,28921,50.83150737,852411
5332591,61.94243341,3.62029823,88.78765952,70435,71.90403996,927577
7533058,57.99948745,2.863854264,85.11971377,142368,20.62200391,3593424
2612469,81.1228125,2.370950071,46.22509714,30310,51.84656094,280879
3136176,77.81232534,9.095096913,25.87928597,83965,56.53174434,595722
6559590,78.49353317,7.391218886,23.19078213,142033,39.35342763,1732747
5395854,60.30025722,9.436405943,29.19914911,131048,59.07683112,1740727
7540200,60.46904924,6.429626251,66.81061125,116444,38.75120804,2608942
4933680,59.93611834,5.260607933,31.83599958,89922,45.32461016,1569235
3731262,57.8188668,1.537448401,37.31402157,117799,10.51471312,1847967
4683078,79.50756527,7.044780534,45.90230432,113948,58.42040799,719371
2659089,88.16071484,6.239878838,83.05861443,102839,56.29398753,236922
2558749,82.59428614,9.911880042,25.15147343,32242,12.68806141,887904
964228,85.64421352,3.152429,10.40212421,137027,35.77750752,135348
1003959,68.21592931,5.776636198,14.80771283,132561,78.53222886,126223
7955477,79.43341079,6.858616016,82.38130733,28947,39.45155938,1399478
3419538,65.94063082,6.801320573,61.80131719,132250,45.13617836,1092526
395266,73.64770799,6.051641887,31.84324955,91466,73.69511107,48211
9977209,71.67356809,7.992352093,24.17540008,123706,60.20833131,2231342
4587358,57.95992153,2.844830886,33.54133893,140351,50.74490918,1272211
9546563,67.41854422,7.530644802,19.18375418,144749,65.84632769,1614095
6917100,93.3720024,6.577611143,85.32263282,81816,70.50563865,250833
5325034,61.1861116,9.064676006,72.73649395,68785,41.98216502,2487408
7603974,56.02116813,8.624749951,46.99129415,139963,43.25758555,2949070
9853005,68.83612797,3.836323352,79.19700841,20507,37.0235655,2636853
6147091,85.56519811,3.486135925,29.95665634,86972,77.6694298,232371
3227993,76.19667034,9.834879915,67.36964548,47151,58.8016378,587066
7755092,80.64386723,5.745386628,78.49059992,31618,15.82561463,1605970
7633354,58.53626817,9.157788675,38.54149693,94286,70.40717363,1722846
3181209,77.85266869,2.474929214,70.59715564,36122,43.63919586,505252
9662128,64.55751777,6.785370233,33.60578794,27354,14.81277345,5130910
5863365,87.54365147,8.288741686,33.90857082,129598,48.48020786,733173
4107893,78.31844627,9.526557246,18.56457428,50979,39.20149953,1199606
5741276,58.9485325,4.036061269,45.20464372,106436,71.44245834,837196
5447662,52.90775059,7.524830529,68.37695252,99376,24.27962225,2887491
9878366,51.91849442,5.849317081,85.21766445,72774,67.85252266,2760321
1855468,66.71338554,1.545660335,58.30375935,122703,49.03820838,313486
3477975,61.96330115,7.209997636,79.05084302,25037,13.82272122,2334612
6406228,79.07405556,7.210869024,75.79957194,48633,78.02917109,576372
8564716,72.47002257,9.375461244,23.86744424,44495,45.88306709,2473183
5575633,61.97086751,5.475812016,48.86539431,84550,30.3613798,2725194
2130154,56.71570001,3.072258286,19.35388284,101384,42.85847894,577803
2294702,55.72398932,1.401074411,64.57225292,56483,70.05004485,319597
3427778,88.90971765,4.74077968,85.99197346,133181,31.34321871,406004
5785193,60.95650858,3.717250301,20.96715665,93373,23.48734775,2228414
7776890,79.32697916,7.849794754,68.71065046,54069,19.03498729,2721615
5947498,86.48086676,4.188409884,60.57905207,27370,30.85015789,651808
8407956,77.633659,9.541640767,56.68840296,139873,64.60336609,1326503
8254298,88.68043542,9.660791827,41.20961878,136843,43.01384556,1084888
8826957,67.65771747,6.588177312,38.41053182,91947,25.92371226,3722307
9501337,93.02999858,9.357942583,13.61993512,59133,21.63294997,906452
5893493,55.99152519,7.847689101,27.43269666,116035,33.29106336,2920697
3436501,54.59672883,5.921736769,11.21415058,115761,75.7947061,683982
7445350,79.64114658,2.622771419,56.51336845,133753,34.01186988,1108516
4638334,92.42740136,5.127381492,18.46825887,20692,79.16868532,125156
8514685,86.39975577,6.04787017,79.84155152,48926,43.9661319,1067415
7218362,53.43875867,8.775654227,51.85144166,119782,22.54147428,5400583
4377819,62.57154713,5.332000389,65.97519272,124700,72.37980643,753168
7334953,91.86434982,9.079072054,42.86856735,93984,42.22487612,580832
1305564,61.38762948,7.069140811,54.84638472,63390,59.67699405,356518
8564493,85.15266907,2.232991567,85.41273416,69593,78.85981082,377214
8980264,87.13094882,9.954832324,16.61872317,95609,13.51227452,1940360
9109296,72.29534466,5.745093947,30.31502175,120950,16.76861919,3924529
4474507,67.38570094,4.526724668,72.39906615,25209,60.4319719,822780
2842427,70.25559946,6.93202388,17.89897655,146700,29.72775023,862235
3407679,60.21341125,1.980039826,16.05288831,26533,22.90109779,1196897
5798035,90.02259123,6.728847821,38.9233119,106597,12.75533159,996864
4440020,70.27788455,5.484124004,17.37343668,27211,11.52926984,1677438
2731719,89.71067482,4.66006663,56.80627538,29927,64.21399222,169171
940695,54.7562066,9.577180191,28.10202007,97463,19.41033992,773888
888761,94.4723872,5.702857451,81.65583706,137333,42.74044312,41525
7417664,69.94728893,2.972057315,72.68000647,44594,52.41277706,1146708
8938923,52.15238692,5.130671314,65.97641649,94852,39.98462604,4232746
5402825,51.71098317,9.274486641,59.35552219,97713,11.89746566,4096346
9738053,83.57932659,2.584859242,79.07725843,96382,64.84510518,787514
8937324,79.65659904,2.925613348,27.84496492,27933,10.73592572,2049656
3371127,86.09587512,1.11726611,79.84870742,123780,63.33229261,189947
2609272,54.74153903,1.127710445,73.15938387,132157,72.53131457,401089
2326106,51.60068902,8.464524643,69.85286611,60696,40.29879447,1182654
7010534,72.88606803,7.589103462,54.90045425,85449,47.48797312,1715742
7424592,67.44178542,4.195369508,29.69953288,87616,43.38883748,1846388
6625716,70.78761215,7.284800415,43.88383328,26089,37.2446033,1988090
2052324,94.6214784,4.556853337,73.48565236,76548,72.11971748,45264
6312105,93.6837481,9.576071164,12.54227875,46123,72.57534575,240481
6721318,92.40419254,9.703474133,72.56406154,27797,33.50714552,631892
544592,85.27292045,4.535143982,29.20565924,70013,53.05488278,55257
3628226,65.96786121,8.687997157,21.54473606,28346,74.88352935,619148
6199031,68.54589186,7.957801375,19.25610545,105414,77.34409493,720135
2477540,74.73272197,3.789999435,12.18000096,53672,45.62713283,427610
1765630,87.37405054,3.08835846,51.88691882,37653,41.69773637,199603
368408,53.09207746,5.124111854,27.46078982,69556,29.50860211,200712
8906884,69.09335986,8.032139566,89.15454126,143723,77.12103112,1170758
8950019,53.71779486,9.641510063,55.95494047,128278,19.99700131,6893681
3167172,73.1595914,7.87221162,21.03082155,46140,50.58807032,609364
9322985,90.45053708,8.696862865,65.10100326,21184,29.77851873,1224106
6354680,85.21182161,6.427578756,81.81948532,143626,29.53058032,1092021
4285042,60.25290879,8.518670478,69.61435963,54493,38.34780112,1980133
1948739,93.91958823,8.059787722,16.11518888,64148,79.91550551,40562
9667944,80.03076791,4.392869877,81.6707345,44846,13.84764148,1993154
1067433,50.46924647,5.967912719,73.51435087,131361,50.49792727,366651
8154010,61.49360681,8.242778098,22.66431201,42195,15.78005106,5693792
4711029,61.7320985,1.414510608,14.1428711,25606,20.8164581,1569948
3728086,53.11644378,8.272713541,54.58484603,23956,40.76940592,1866504
1631530,93.19219331,2.600993116,22.48286491,36555,45.73220919,62364
2137258,71.52148826,5.632152554,76.76727621,110385,28.11546859,557442
4906447,90.31165688,8.274478956,38.66677253,38690,32.15199916,640585
8419066,64.49969766,3.284389703,83.03139558,78502,16.08769142,3382447
6907658,55.63551067,3.212266954,55.25505377,144586,31.22538487,2794355
1046530,71.34512495,4.624879586,24.61379074,68849,77.65909076,87913
9209861,55.12804856,9.051785178,21.16790939,46347,76.12951672,2063420
2651623,71.87069763,1.003985033,56.117795,118725,33.44148031,473795
9816854,91.41337315,9.11244787,70.95068895,123844,49.95977554,706190
6281219,73.43456638,2.384263222,72.52045182,111321,73.67167738,535519
4158997,77.74248771,9.910777385,32.06059236,69056,10.43286758,1509702
3414695,57.04872966,9.593622937,26.33974071,83851,66.74784992,859043
